"x1","x2","x3","func1","func2"
-0.8,-3.8,4.4,573.792110195089,3901.25278845196
-4.2,4,0.600000000000001,114.331040899076,43846.8668459937
-3.2,-1.2,3.6,394.903717383785,8300.00640109324
1.2,5,1.2,71.6798781856649,80586.1940612315
-2.6,-4,0,188.262186082448,18253.908149684
-0.199999999999999,1.2,-1.8,70.3742002057427,1694.066511691
2.2,3.2,5,147.324040009715,7399.37345822796
-1.6,-1.8,3.4,339.583274679235,1563.61064481804
-1.8,3.6,-3,90.153864335758,36494.8045973281
4,-0.399999999999999,2,89.3886045614865,41427.0123673652
5,0,-0.6,71.6953766094724,88218.7544921774
3,-2,-3.2,66.3725328634164,20645.8147873518
-3.4,-5,-4,82.3411530772149,68996.7102317268
-1.2,4.2,4,138.018573464882,31607.9745206158
0.2,-3.6,-0.399999999999999,109.730903031869,8926.79136299724
2.6,-3.4,-2,68.4218890099532,23921.9651091323
-0.399999999999999,1.8,-4.2,76.3454809546373,7842.43190739596
4.6,-4.4,3.8,284.575892041295,99298.6006415546
1.8,-3.2,-0.8,80.5598657765731,11034.4977126164
2.8,1.4,3,100.668322645788,8095.42206599307
4.8,-1,-4.8,84.8903450170138,82981.6137910273
-4,2,-4.4,108.724629458765,18947.4957107406
-1,-1.6,1.8,181.020186663759,584.546864691958
3.6,0.2,-1.4,65.7700585294047,25926.0856657345
0.600000000000001,1.6,1.6,85.3262090926565,496.498975647478
-2.4,2.2,-2.2,88.9532387773404,7433.00015873292
-4.4,0.600000000000001,-3.8,105.283525467575,21564.4958181211
4.4,3.8,2.2,70.0538331571647,62470.2414786011
-4.8,4.4,-1,126.159541167136,77012.0752570805
4.2,0.800000000000001,4.2,135.392799868487,44334.4426194222
-0.6,-4.6,3.2,450.80445934576,16750.1774117601
-2,2.6,-4.6,91.4351882443499,17760.992547698
0,2.4,1.4,79.6467508944957,4469.36855190796
0.800000000000001,-0.199999999999999,-2.4,65.2522196675329,456.789919941239
-3,-2.6,-2.8,81.5667539797837,10603.2328088008
2.4,-4.8,0.2,124.277526077815,44722.2043231285
-1.4,-1.4,-0.199999999999999,99.0793904249421,378.480975487478
-3.8,4.6,-1.6,114.882649187034,75187.9280921057
-5,-2.4,-3.4,98.9272990807743,52514.9823917908
-4.6,0.4,2.6,262.349633909929,26239.4324073185
1.6,-4.2,1,159.280712897959,19473.7122319464
0.4,-3,0.800000000000001,140.294870056546,2908.17422505356
1.4,1,-1.2,65.246934860833,1092.41590906956
2,4.8,-5,162.465968962323,104342.677716307
3.2,3,4.6,119.203325249769,14894.7201623195
-2.2,-0.6,-3.6,79.4457614928712,1587.46363073228
3.8,-0.8,2.4,106.975629520014,36378.0330005358
1,3.4,4.8,154.784974507821,9422.95509392075
-3.6,-2.2,0.4,177.677023675358,13038.7069235675
3.4,2.8,-2.6,74.1436855005693,29911.5829397883
-1.2984452874586,4.19460372276604,3.8777328603901,134.783483589173,31726.7119100344
-4.88775121349841,4.3826555166021,-0.257601330056787,125.90369144722,74864.0991711379
4.15318599047139,-4.22761502422392,3.8970744869858,300.461059436494,71698.8472858332
2.47390594434953,-4.17030264747702,4.26362711448195,406.291144792955,21823.4353768271
-4.7786148904264,-2.23570804383606,-3.4726523273252,96.7745063633572,43044.7456077722
-3.33144534051418,-4.48899994086474,-4.07679405104369,79.9871242166579,49191.7883011517
4.00351147491858,-4.50061707815006,4.22976823078357,355.512608881219,69623.7364244229
2.26730262536639,4.15123390534855,-4.90813464715043,145.2827085031,66957.6201065483
4.93393644988537,-4.40399194737896,3.09167505195364,217.888581571836,123088.144482574
0.888925298007577,4.17934224904082,-4.77601763588274,119.37088396863,67536.6127116757
-1.84211733341217,4.20346065044403,3.24798459634185,120.528880456981,33438.4950621791
0.877329451891676,4.21600843999815,-4.68868425011622,116.883598632237,68921.4887094808
0.896067589584608,4.21997768477199,-4.68969860778267,117.221446711261,69096.4094764093
3.69039800464558,-1.09996639862228,-4.75521616730392,76.0438206697143,34421.8627687159
-3.31192892073644,-4.44823179215379,-3.95826769200832,80.3891759604814,47212.8484693951
-4.52509744588984,-4.08453099349402,-4.11068727570009,89.7289182687592,63658.01325831
4.17699545653071,-0.633386957257986,-4.75718211840129,82.7786876193854,49584.9929822252
-3.81319511293434,-4.08194046902917,-4.06543622514957,83.5218739273506,45489.820758775
2.23084931151942,4.0683349309898,-4.93196931754494,143.645327911236,63115.1988659824
2.30004635557532,3.7985575491935,-3.71523614771664,96.4339063095018,46758.8883331971
4.81634551068768,-3.94899319335818,4.72033791393042,342.905847335032,103685.079102712
4.27420105883861,-0.1156820509471,-4.44848240227205,82.8780073817771,51252.5271623034
-4.69000051730359,-3.30663723113649,-3.46815052324059,94.4507884625917,51682.4063061534
-1.87775342292767,4.48433489942178,4.22076375342496,154.049333788313,40224.661112763
4.74761674413085,-0.982270558690652,-4.73807569983602,83.5647296584689,79702.1368562183
4.85951869319379,-1.012572626248,-4.86465908288956,86.4355947181754,86773.0122638501
3.97225079211697,-4.4951270792643,4.26644427983826,360.534961929522,68080.3895977593
4.86630770390496,-3.966661085958,4.68877084899545,338.603375204922,107384.579627278
-4.44424085181579,-4.15802131525115,-4.16997498623046,88.7093922582124,63298.0228295319
-4.57542826048029,-4.13814102910622,-4.10894110317991,90.2192144250978,66715.6287186601
4.87281940720975,-1.00274526246823,-4.82802206200361,85.9643225630482,87513.5132368315
4.72078506919742,-1.00663160727359,-4.7143121946305,82.758606233001,78274.5251600848
-4.84804040498931,2.82522512895213,-0.15321985282898,118.046145673627,34953.3704194093
-4.91660559295364,3.43618080596123,0.0759935826398432,121.552796664215,45449.7536613165
-4.37896804924544,-3.8936591715123,-4.40881544772672,87.9514119484869,55417.8796960449
-1.20264736851677,4.25420407554321,3.97709415771067,135.909811130508,33537.1473289254
-1.22324145995826,4.12002142315172,3.94891430869699,138.058060363114,29151.7151333257
-1.63761045978796,3.5975203631484,4.19357222605236,171.825911294942,14604.5253309969
4.01530907717709,-4.54504707641126,4.20365671509702,354.809491664871,71164.3138879241
4.03058549865492,-4.41668720278888,4.32502394281276,359.847007469314,68888.9197836692
4.85820747895846,-3.96850282741483,4.68921489042597,339.075667225924,106852.712525572
4.82181567821632,-3.95129453007767,4.72324245720713,343.128870853384,104083.177820325
-1.89297111999856,4.45180570961278,4.2974216252264,158.927558827625,38604.6017086602
-1.9086190148502,4.48288405197427,4.14578550718524,151.179627266964,40410.624203935
-4.53684092631882,-2.41717448596149,-4.32104902576077,94.0475729585819,37841.8781533423
2.71106276271306,4.8235072748892,-4.99310328049891,177.967028305597,108282.651668422
2.42411604717607,4.6669684923105,-4.99669667478001,167.10031744137,96510.113745072
-3.53754081984423,-2.84783153533568,-4.31348469688344,83.6264463911723,20808.4369895817
1.44345316330111,3.08312483552098,-4.85356207366824,108.498344391993,28230.4083333894
-4.2631484849849,-3.88824542236566,-4.36569473186682,86.9677662912138,51978.1142116593
-3.45995385897486,-4.81788845827244,-3.92831076834157,82.7445820560878,62095.4748230207
2.39101993015746,4.59301416329983,-4.95531390947527,162.008517535099,91529.5163421462
4.50966744165821,-3.67253416999187,4.81309112690883,349.109608178698,81220.2481393797
1.89428088743612,4.86451018457849,-4.43048530241985,134.982488663295,105062.430841396
2.65981724264352,4.84704080139086,-4.58765192555178,155.417506001552,106957.350540924
-1.90835878760268,4.48140342902775,4.16111691357087,151.924323104416,40290.4806301411
-1.89479264958386,4.454887458621,4.2999489021286,159.010309301076,38712.7739061057
4.63336281928429,-3.8690579071332,3.18945602548404,211.882047344524,92733.9055798039
-4.23026871983996,-2.99194165965775,-3.97572902490419,88.9442493951304,34957.1783823642
4.65445897035012,-3.69460963582216,4.59907497973027,322.310182366824,90155.7575359677
2.14790520375669,4.7640551110439,-3.39354993582711,100.433359033185,92111.6807652568
-2.39926600798015,4.53400546266958,3.82800933138039,145.501078179249,43086.2960265652
-4.34112657129809,-3.84964980684145,-4.38878103239371,87.7196217607904,53280.763851339
-4.58973719391027,-4.17781225516806,-4.16098737591778,90.1368441627743,68451.9653637081
4.81105799489504,-4.02479436468294,4.62155990969907,337.055320514504,104576.512009606
4.82759158868274,-3.97054347978305,4.74130627588115,345.940733561958,104730.727139937
-1.92894482883107,4.36463353430368,4.26860932279209,160.547643570182,35336.3140923937
-1.92892535573778,4.50511429635886,4.25871549233683,156.393627249813,40829.1231795871
2.68189873761574,4.83254385494426,-4.54052423985049,153.075389780548,105792.672830738
2.38013583703135,4.64191694799625,-4.94791090591822,162.809658993221,94466.4363279685
-4.59803162016212,-4.17927464720973,-4.16193420407228,90.2138952464172,68773.8370504801
-4.43724091899418,-4.1617640546387,-4.17019643094669,88.6413150873533,63189.3237076672
4.95123539123666,-0.993209113507522,-4.89140655521792,87.9212518846092,92542.9887278223
4.88995300610382,-0.993124495951953,-4.92392542278189,88.0223494881311,88609.2587464684
4.86188594720398,-3.96988487829882,4.695501011807,339.671040976104,107118.773656608
4.81457980402811,-3.95309027052328,4.71719610006948,342.879798370215,103628.836376307
-1.89010371637412,4.45309822870699,4.29530302023942,158.728602587189,38668.41002618
-1.92802919524536,4.50962540044019,4.26176264655663,156.407578643257,41002.7982385034
4.75297249857318,-0.264999152265294,-4.89628136026578,94.5553281795894,76066.1676750572
3.06950131783448,3.9814094408188,-4.99469770885963,160.253317968902,65461.303616013
-4.42595304485608,-4.17323638050195,-4.16473593936249,88.5518485230074,63147.2995183573
-4.52354207965435,-4.08641541112543,-4.11584396158536,89.6932709826386,63673.9060163882
4.71628151412997,-3.58977770594817,3.27238885965443,205.054102206032,93990.5435373092
-1.8570940355934,4.48469518474165,4.32715430768823,158.790281650671,39854.6207213006
-1.86118856630562,4.39829971103866,4.23306903539172,156.492734026277,36840.4364475142
-4.66842949652742,-4.10720437772029,-4.17876205846901,90.8672510685505,69266.5727252004
-4.6675873970239,-4.14713384106795,-4.16001522339951,90.9152387040663,70263.453554657
4.91407693586532,-2.52090476939954,3.64088527956232,186.567523449875,97938.2638061375
2.66441507084152,4.84926282507021,-4.51156464200061,151.758616232846,106644.529473292
2.72637594163464,4.33702922095228,-4.65035280129209,146.153469807194,77152.3746995509
4.86550352752353,-3.96949488046264,4.68909738866133,338.831734376926,107370.313875312
4.81575024745837,-3.9500889121263,4.72389890218311,343.371442398736,103656.585759433
1.80622331493236,4.78285783640422,-3.86607644035973,111.021427607112,95937.0746525479
-1.91178673890827,4.51208525196392,3.69605246945715,131.762672712154,43429.0741832541
-4.31319322892954,-4.74312871316702,-4.02344030514239,89.1380527052127,78027.9643196682
3.22436923113875,-1.40487881147879,-4.97532481400981,74.4876368345256,23890.5278913579
-4.68547900118445,-4.09090162215433,-4.09521301193606,91.3766368737325,69168.3005085249
-4.68718247306199,-4.22662497132319,-4.1957881097145,90.9459230731742,73320.4478455254
2.64725736551201,4.3902326033216,-3.11219476254851,92.8584652384673,71136.287645563
4.86986101857504,-3.96961890106183,4.69378292830578,339.159311621739,107667.757693032
4.82595330231748,-3.97050846351047,4.73903538661617,345.761785113802,104622.051887023
1.99965226960303,4.79602254732303,-3.3109546363049,97.3027952999561,93467.087230391
-1.92126300440231,4.50660367104168,4.26241289836427,156.376946701157,40888.2284895199
-1.84663953192107,4.48587987257011,4.33543355885459,158.951932519766,39887.5314482116
4.87070328881159,-1.00283332109522,-4.82564151435542,85.9024612533349,87379.1040634289
4.86167288371928,-1.0140988743548,-4.8590755797167,86.3352637239828,86913.4023603178
-4.67575039696108,-4.11797870121783,-4.18188382001761,90.922934862503,69824.2666225221
-4.58561926569342,-4.18984829271913,-4.15995077161219,90.0989864119108,68648.5318515005
4.82912541020224,-3.97047093006243,4.74125841999519,345.869643151993,104833.617952757
4.86010537134974,-3.96981332071601,4.69458586187106,339.64105417987,106996.148839471
-1.84522601769707,4.4859619530109,4.33425115679127,158.861455192549,39897.913649787
-1.85750995604985,4.48485701532028,4.32704600191651,158.789349778503,39860.8265026205
1.08787529554348,3.93979809663072,-4.98685656612461,124.917271637052,57271.523527903
-4.7777731491739,-3.15281710316177,-4.25916822357327,93.761570674056,54040.2073872344
4.95762419817569,-1.27364347874423,-4.84572322473074,84.5522663210665,94908.1957351166
-4.93259592775232,-4.33102920933788,-3.95647002844085,95.0534379813128,85110.9342933378
3.58896426649299,3.7414982041201,-4.64890116671365,146.437265605857,62880.3990519681
-3.78459297059081,-2.92649956886724,-3.86940032488024,85.1815229963642,24754.762719832
4.87003941076155,-3.96953354493599,4.68659669167021,338.392093536265,107687.488474685
4.82392820864758,-3.97066388099922,4.74579209376646,346.575549912066,104479.331210442
-1.93641476968747,4.5143022441013,4.26191707203866,156.468389481965,41179.5502933023
-1.83378909366924,4.48698748154479,4.34264399223676,159.012736859056,39925.7286683785
-3.65996756110578,-2.92273330357133,-3.81053240134188,84.1621733824026,22555.2679830186
2.64780847351831,3.27791814774545,-4.90471578618385,130.636534866233,37173.9154474058
-4.87944542861604,-4.92769609607954,-3.76302084036656,99.4582771329829,104162.581920245
4.82943749111158,-3.97044568705874,4.74192377403378,345.926770768165,104853.604480697
4.8244782675907,-3.97067936001391,4.74611956284569,346.589352952498,104516.343035683
-2.25531240408938,4.56261210836989,4.13520660981418,155.75941418601,43208.0760002851
3.58847356554234,4.82260012672575,-2.94822390867395,104.205550726966,105760.646304717
-2.3333776457911,4.57936185017291,4.50978725678058,176.295619532996,42272.3298453796
3.27123958412185,4.82709515784806,-3.90321588847794,133.962676944483,106935.868936814
-4.21382493266928,-4.73136458399991,-4.04652325659397,87.952337994345,74915.8211900053
-4.88740099963306,-4.91934216923832,-3.77717638481785,99.2671047955697,104192.985203676
3.72598754556663,4.92112882597447,-4.97797605049264,204.962197396749,128046.701958989
4.91410161466228,-4.01304176881731,4.80311096689453,351.582843515616,111283.360757636
4.91344508549231,-3.97179946784767,4.70484897266974,338.725690928623,110737.643619095
-4.88794797178677,-4.93705136065164,-3.77986400566273,99.3547381017851,104996.947017463
-4.93070026334695,-4.39642103795226,-3.92085633366179,95.4923522239104,86971.1145331359
2.30349438567795,4.13375947989719,-4.79447548614375,140.259089154642,65676.7962730596
-4.8066246904258,-3.38872843162824,-3.92515370648433,93.7952311769115,58105.3155119328
-2.20735858371058,4.5525764931567,4.13370563686158,154.947537620575,42857.9148747945
-1.97725492453977,4.51821129627376,4.25208713094945,156.735105524434,41310.3968215687
-4.88742067272577,-4.91945993904557,-3.7774122881084,99.2644022344905,104199.928184831
-4.88804873052033,-4.93822295572679,-3.77941982903286,99.3713490160613,105050.3545422
3.6556140418824,4.83286960604755,-4.88502414979555,193.894177118326,119910.6225708
3.71000636610575,4.90738697757943,-4.97585419997936,203.900325635553,126732.358175451
-2.40752017477589,4.57894471265644,4.79281615739943,194.773578899982,41016.5627906719
3.70744421979981,4.90741447811187,-4.97626590659827,203.862772226938,126684.237043891
3.7229087410972,4.92091408978555,-4.97767251265303,204.853689643299,127965.178590486
3.72323270887348,4.93567519342021,-4.95948808424712,204.174502153474,128896.93814942
3.65568087101155,4.84960779526883,-4.89284365988994,194.983121579659,121095.735752508
3.72317885456368,4.93825828618814,-4.96066648367774,204.347294687466,129087.823507284
3.72288658565099,4.92240065705901,-4.97560141921418,204.767540728168,128055.943521394
3.4262867947978,-4.19246607230595,4.70762364375679,417.6376120641,42153.6491032718
4.81869228216754,-3.9719145810905,4.73231609280775,345.417614236688,104160.314805069
4.8998132915016,-4.008028287535,4.79528824133004,351.021981692886,110207.67468008
-2.28490854869993,4.42028735332979,4.96082298062326,207.841257288946,34303.8945024041
-2.15806166246744,4.59724165403471,3.05643898122007,114.068953657654,49494.2592897114
-3.42988842849029,4.53745806392842,4.64417669424185,214.215166936959,40966.0485152492
-3.4499646290205,4.48387918549836,4.72625973653072,222.351925289589,38652.7015099471
-3.42958688452035,4.62469601377268,4.62983463602708,210.200981704503,44592.5963405763
-2.31546347004367,4.58618143226067,4.78579971106736,191.758049140628,41458.0298781746
-3.61326794685848,4.62352225674821,4.61370859503522,214.358416736078,45501.688912592
-2.33759255254805,4.57701606660475,2.81615053174616,111.08759672324,49377.3576587378
-3.43128818846193,4.62807153524537,4.61198238593907,208.965914779382,44816.6019507883
-3.45092127544244,4.46753517555416,4.72006751844357,222.552655451483,38064.4882829961
-4.88796700286096,-4.93707941657315,-3.77981886360394,99.3558890391734,104998.764986958
-4.88804261475286,-4.93805143984952,-3.77943113714532,99.3698831261627,105042.656122814
3.72553467310035,4.92050342512061,-4.97863979109749,204.972385278988,127997.478288498
3.72320911880107,4.93983231298399,-4.95797736804505,204.224199114061,129182.591184157
-3.46777289338139,4.66674190389421,4.60696353320048,208.329317745737,46650.170460856
-3.46868898639974,4.64626350586072,4.53083995989421,204.172973352223,46091.186981875
4.82965099115034,-3.97040099282919,4.74136726420769,345.856053799565,104868.086891668
4.82429428704086,-3.97063963672324,4.7457811676823,346.558202575726,104503.732047339
-3.3317231785423,3.43114651516174,4.24595605918157,224.486051552634,12399.6448818505
-4.77239980849384,-4.21392500021959,-3.19934088084544,102.359642351049,72855.4746403654
3.72290932243106,4.92326216331978,-4.97595231061906,204.82352314526,128119.734998362
3.72313951383176,4.9388585744484,-4.95795324116452,204.185100887123,129111.510565018
3.32698301351073,-2.85446354896025,4.76807326561899,344.830211964074,28839.4970871647
-2.34039761566565,4.40704183467534,4.5890756146397,186.262298336306,35125.8268464146
-4.88803623269062,-4.93582198275044,-3.7802832118431,99.3404079440608,104948.808095606
-4.88750638867402,-4.91795913138094,-3.776977002229,99.2619130593224,104136.733797275
4.85357305160543,-4.07243761366927,4.724808492568,349.079238331257,108079.226550552
4.91150622100748,-4.03680383145591,4.79261091348759,351.953886857767,111477.382345748
-3.66860323398764,4.57839371749846,4.58783361012784,215.800975051411,44075.3377088749
-3.62693340849879,4.6729011623515,4.59792670650901,211.982658008693,47756.8301084597
3.7255785852861,4.91665616522259,-4.97732189912281,204.742954013562,127717.932597666
3.72328941391616,4.9389278067724,-4.96168847718253,204.443743899518,129144.771632878
-3.43526241974026,3.49895289383216,4.04047004714943,210.780463527811,14457.7390944164
-4.88795958889215,-4.93674142522884,-3.77968497795875,99.3555687087713,104983.108069582
-4.88745246461614,-4.92015534621434,-3.77768290111636,99.2653146269858,104232.504683642
-3.60384088241718,4.62025768065526,4.61152962291021,214.05959884938,45320.535429
-3.67460665894946,4.58694172143186,4.59063579838187,215.858947813653,44450.2496429916
4.90129542248948,-4.00851932816836,4.79627045068536,351.096895178363,110318.236313743
4.91149138573448,-4.01223548669674,4.80261059083267,351.587416229543,111086.770388286
3.72333015519709,4.93836683761183,-4.96435102199353,204.604188375679,129123.57211071
3.72291181746243,4.92386894056248,-4.97947555060514,205.084519595169,128186.406951537
-4.88796709742144,-4.93726693999313,-3.77987637373603,99.3562881043978,105007.211658157
-4.88802373256638,-4.93575066118117,-3.78031672228582,99.3392187353056,104945.323517536
4.90249626859077,-4.00917214206055,4.79592726118827,351.049350629491,110413.143493172
4.91122613426615,-4.01165058275116,4.80250155219552,351.551882382405,111059.244686469
-3.61425109490682,4.62627228726955,4.61571181720654,214.42325700659,45614.5257868773
-3.65636013822515,4.58410554878049,4.58609097215633,215.132537290142,44238.8638611062
3.72293461650394,4.94061757115009,-4.95889351629308,204.307701236019,129239.105572894
3.7254064454605,4.92064254283318,-4.97830206621099,204.951288988679,128002.363812597
-4.90713228174104,-4.88404792991478,-3.7179191706127,100.217075466479,103250.818039364
-4.96682997576638,-4.91528685019288,-3.73419209933099,100.906503233448,107211.541695053
-2.44375157385043,3.32586827857515,4.60469290039924,228.551878558142,8434.17915334451
4.91117999347384,-4.01161688757849,4.8025163502995,351.553377261157,111055.448220135
4.91150504211526,-4.01228950145993,4.80259243137245,351.588080764808,111088.5801355
-4.29260626770178,4.67312611905517,3.18980454663765,155.645152768218,60344.6382225984
3.72363517580965,4.94191851167006,-4.96277992387519,204.636214716166,129372.852110141
3.72513031681671,4.91768751087496,-4.98083750106367,205.00721681786,127804.888425865
-4.88796243013075,-4.9371861669505,-3.77979712253934,99.356936014379,105003.140147878
-4.88804321589384,-4.93794015972847,-3.77942570604456,99.3691922308954,105037.795567778
-4.27444610942215,4.93309999435782,4.59951228048934,221.763687272544,66017.3066389943
4.91420883532443,-4.01095334031504,4.8026959024011,351.410236170251,111259.760725394
4.91149237611964,-4.04150445660079,4.79255133942526,352.225828530977,111549.501829079
-3.66822038506889,4.56934232601129,4.58765230352266,216.097788058364,43706.9865776392
-3.61979475076331,4.66862332156652,4.59723754575802,211.883819538868,47533.0592986651
3.7259096117337,4.91875631598148,-4.97683424811997,204.795686874652,127869.790254863
3.72288601184085,4.93505013737104,-4.96545783086363,204.545788998499,128885.441815134
-4.88804265458008,-4.93803983523372,-3.77943030085538,99.3698151410681,105042.147091834
-4.88804323915035,-4.9379602255326,-3.77942492235788,99.3693467338833,105038.669685113
4.9113670553417,-4.0415929319485,4.79288530771288,352.272419481096,111541.568970459
4.91422918012144,-4.01153989847777,4.80452833619702,351.642564478013,111267.83806857
-3.62919330530595,4.67684257387125,4.59998328250276,212.045224039136,47932.7276430684
-3.61296363693215,4.62468139113297,4.61488183351737,214.38716371985,45543.7635077211
3.72539403204537,4.92065891894707,-4.97832081838204,204.952838132444,128003.387619255
3.72555307380376,4.92047603211723,-4.97863512234329,204.97154068545,127995.895679438
-4.88804379085067,-4.93790913184117,-3.7794268666992,99.3689614715342,105036.469139955
-4.88804875192651,-4.93826115702017,-3.7794189365368,99.3716333187657,105052.020656546
4.91136794968521,-4.04158651699933,4.79285828511712,352.269070883515,111541.567145753
4.91146996541062,-4.04151315105699,4.79254024504501,352.226053440907,111548.063026372
-3.67114578882071,4.59221342340749,4.59018294055454,215.543458689943,44646.1491262058
-3.61117766907053,4.65804901121973,4.59730266222223,212.010658275152,47026.9806631993
3.72357031444429,4.9350731654077,-4.96336437622518,204.422919412235,128887.23370305
3.72524269801803,4.9213669898336,-4.97953543974038,205.057220235851,128058.433741
-4.97977919148079,-4.91367291748043,-3.72733525720276,101.170183731445,107678.447673197
-4.89430322250576,-4.93630678949598,-3.78028429873647,99.4189293406489,105231.333338342
4.83018044762155,-3.93981647425533,4.81705360958643,352.194693773995,104376.97851696
-3.62955867797199,4.67690778534848,4.60031340138901,212.074962883416,47936.27252437
-3.60950381036351,4.66065444743283,4.59730421651301,211.873389881063,47129.8653349422
4.91149299135762,-4.04150306284363,4.79254989183927,352.225563921026,111549.525596329
4.9114740755915,-4.04151449766497,4.7925418675892,352.226141360944,111548.373212606
3.72337332666743,4.93813725331276,-4.96459909098129,204.613658211333,129109.772519126
3.72361073181973,4.94198980941711,-4.96261074366989,204.626755727082,129376.294362962
-4.25164396816917,4.2199416208916,3.99949673919503,206.399431524427,39235.2412855763
-4.89604686119532,-4.93376279146808,-3.77429299952472,99.5183926571308,105166.816247689
-4.97058212589491,-4.91525437576314,-3.73043979343448,101.015876133045,107357.468755103
4.10518444420847,-4.99371454305037,4.77811825372045,449.396179004713,85523.1073929562
-3.37984889403511,4.55255397646563,4.5878721018025,208.56376442692,41596.8166759791
3.98160249942063,4.92335400276998,-3.728994263902,140.567300356094,125973.523057942
-4.99045697926206,-4.84085063880739,-3.72576242367913,100.794571237669,105061.213107461
-4.94822828900004,-4.96363612566517,-3.71548355542889,101.371232295469,108437.331654894
4.06294504699406,-4.83143393604164,4.7755538490507,439.609190119156,78954.9679334545
-3.66687755471677,4.93423173413052,4.2369662625259,183.263966714086,62177.0840694639
2.36011050535353,4.91925953653066,-3.87250527148272,120.959902219463,106020.713635827
4.83421789277126,-3.91387205672349,4.7938677059022,347.999072037086,104313.81906401
3.72614772625419,4.9207406272096,-4.97821293059525,204.968138423242,128024.20053007
3.72352064930843,4.92376104491303,-4.97925906417879,205.081724967555,128190.012205071
-4.95176972399858,-3.15839159491548,-4.85475847278435,96.004797464811,61957.8491311436
-3.61957973464397,4.66768409657219,4.59726285049928,211.911878278848,47491.0039603198
-3.63037872897896,4.67597350416993,4.60022500905642,212.124628367055,47900.6722574135
4.91147172284247,-4.04151508865234,4.79254078295915,352.226154638709,111548.217051966
4.91149306610141,-4.04150430776141,4.79255090424345,352.22574434092,111549.548972822
-4.9661021313841,-4.91528100086903,-3.73374641835331,100.905017901409,107177.626825728
-4.97055739588446,-4.91526039543234,-3.73015226782948,101.0204860583,107355.393031399
3.72285351803024,4.92096967549604,-4.9811840317376,205.092151840477,127991.523467149
3.72349563931453,4.94469127106804,-4.96386090136624,204.807531967791,129575.505974303
-3.61941364226511,4.66796553496532,4.59737268166806,211.90467218679,47501.789561688
-3.62979336052108,4.67831635567673,4.59979942001953,211.999154248394,48001.2787394687
-3.73260220948527,3.4045312610326,4.60058482713074,265.776650999668,13881.7366283575
4.04808644519198,-4.07819083496778,4.79285667483874,391.615537777064,63141.0841194242
-4.2865558323695,3.88989780429225,4.06883252274508,223.225473711865,30547.2257304465
-3.53795265795595,-4.91597326432421,-2.69892717796393,106.91483992212,62020.2826214872
4.91147098607755,-4.04149823405422,4.79249279257124,352.219980372663,111547.964015715
4.91134433103916,-4.04158824924871,4.79290248217292,352.274934240267,111539.863589184
3.72347771666935,4.94312471437003,-4.96376843091599,204.74327366239,129462.458975141
3.72493045716035,4.92089158006546,-4.97737486475103,204.885274760496,128003.796338456
-4.86295754071638,-4.87452973742922,-2.64646709553853,127.150301263759,96533.5219510245
-4.92967411833494,-4.98162354706516,-3.77974926177452,100.181379773596,108729.222594942
4.97152091286597,-3.85904672441723,4.79217824560785,339.152809932702,113208.772680799
-4.93062792268913,-4.98011675471554,-3.77761692629766,100.217349183766,108692.890693884
-4.94956026783825,-4.96072386812754,-3.7283313010289,101.140315199983,108423.038882562
3.70943541450909,3.4722275171665,-4.99695218747925,158.768715377818,58363.9438951643
-3.62975884347468,4.67821933328835,4.59978471958442,212.000567996585,47996.907269219
-3.62927730151985,4.67681705815422,4.60001511855218,212.050568277413,47931.9645639428
4.911359824323,-4.04157371511521,4.79291906325929,352.27524186283,111540.714121913
4.91151442806523,-4.04148868036088,4.79258199788355,352.227322617535,111550.779918778
3.65953451431986,4.94943272529915,-4.92639711216837,200.821884858779,128368.80817993
3.77812395961856,4.95221985501151,-4.98742146886825,208.124308115648,131441.012552955
-4.93074004770498,-4.98111737963156,-3.77960498892424,100.192994447668,108751.464014565
-4.94878594707371,-4.96673284537838,-3.7082406960861,101.53083395168,108566.517556102
-3.62978984816355,4.6786627101439,4.59971031776227,211.981237657695,48016.7592088401
-3.63025959300116,4.67626212529336,4.60025763269981,212.113423948407,47912.4207202492
4.91135878892042,-4.04157434260233,4.79290923375187,352.274254431435,111540.66311
4.91136923582726,-4.0415840187797,4.79285516871719,352.26853243403,111541.623405721
3.72349757344891,4.94462592745935,-4.96385250091936,204.804613461155,129570.813885057
3.7234744994737,4.94311288403121,-4.96376926766854,204.74281225776,129461.55179488
4.10770352123159,-4.91895346040401,4.79376482349158,445.97809320488,83404.3650271546
-4.97905571033308,-4.97588671962878,-3.67125973070852,102.656946436789,110128.978719753
-3.62972321875155,4.67843140812303,4.59986870669116,211.997745394112,48005.5986052219
-3.62954056210051,4.67682685035617,4.60024430433425,212.072712525376,47932.9341130367
-4.93062210004181,-4.98024500021704,-3.77736060397975,100.222497736352,108697.236725405
-4.93076025572181,-4.98092816873173,-3.77929156735525,100.19706009787,108742.437927551
4.06476678608981,-4.35598603808853,4.19358433830989,340.638155466775,69474.8949247689
3.72352267390459,4.92317950671976,-4.98172409407207,205.227495126802,128165.442481102
3.72347785064684,4.94318457044296,-4.9636073597185,204.734576983575,129465.652981606
-3.58335058114932,4.61962667320981,4.61948766034087,214.028202401098,45148.1151892458
-3.663203800518,4.61837631669591,4.5430895229484,211.293683676045,45876.4276266923
4.98094971268084,-3.96475371278793,4.87271774214198,353.554549929856,115297.866242838
4.93962981593905,-3.9911308733481,4.77181201261027,345.896220611232,112812.138163256
-4.93075847164342,-4.98090922507566,-3.77934742329293,100.195969114702,108741.763328375
-4.93073918507431,-4.9811118459286,-3.77957744352299,100.19340150704,108751.055260443
3.71668215119729,4.94349777527501,-4.96686844954488,204.790157490801,129368.974373906
3.78233614183411,4.95268362773644,-4.98561359253517,208.128534208482,131554.381554279
-4.78599847132975,3.38198193102609,4.58749822491772,303.715157473479,30289.3651485661
3.2297419229192,4.73254460463028,-4.32103600792583,149.918713914162,102902.154940292
-4.09019902913237,3.28974986251443,2.88276318358324,167.425375159275,19563.5365433709
4.64218085169728,-4.25391243601878,4.80339785886851,377.708023217142,97210.9030013037
-3.96889554561276,2.72183385086786,4.56330147203552,303.587713092083,10241.1122585868
4.27667952462251,-4.04331714420524,4.77716130774847,377.427199223378,73420.8720360405
-4.22384190460818,3.82062069299984,4.55741971551265,260.529154029706,26740.7717204657
-4.93076192668385,-4.98091608324389,-3.77926024521774,100.197512544095,108741.82692938
-4.93073738523739,-4.98113214806612,-3.77958890181457,100.193338705023,108751.939961722
3.97166547283559,-4.77175638829722,4.78177119892123,440.715017107292,73323.181308524
4.95081848143164,-3.9858694318885,4.8631305423426,354.999088517983,113429.211168275
3.7607022266902,4.8469854795781,-4.92941296861983,199.911903251812,123331.087794316
3.74303674959204,4.90362834647084,-4.90197471509536,199.681937165593,126668.486319517
-4.85272850198926,-4.07501090910003,-3.21568455428523,102.017162221142,72328.6184308099
-3.83306237037874,4.48841243529553,4.60164327185777,224.794091287415,41677.0688536163
-4.71216223569184,3.40618407689862,4.61886358951939,302.615259194504,28747.9624543871
-4.73308882102469,3.36172917441191,4.60838487538214,304.652377124016,28719.2208152459
4.09375710756105,-3.98578756417858,3.64469339851354,267.667349168209,65416.4528767538
-4.32925524209427,4.88278482639646,4.62567555623411,226.966641006184,64130.9946519075
-4.28915308764907,4.88267451320176,4.54307836815624,220.190858090887,63956.6637810605
-4.34451094569298,3.56893751178865,3.35813991644636,190.90518716145,26732.7179424054
-4.29703723451928,4.88267874258699,4.55219893024874,221.030508071685,64021.6430014226
-4.33232053000573,4.88277543558919,4.61747176054067,226.496213986277,64212.8552176637
-4.27588402882677,4.92457528287682,4.60053030860432,222.173502044538,65598.6691382916
-4.33850355242756,4.88936518452561,4.6160195569927,226.346853178298,64632.6590404687
-4.96942920294327,-4.92333051423615,-3.77802679099831,100.271859721321,107865.421979518
3.77999509438594,4.95130106019691,-4.98581519950452,208.029034235903,131405.146848794
3.72102128739149,4.94346021351091,-4.95953179059599,204.405379479266,129406.711701139
4.13041610651499,-4.9813722884474,4.71167455975779,438.568640526841,86536.7964773713
-4.98735836364447,-3.3848818941792,-4.86975894894128,95.4979130422508,67270.6197056766
-4.29938484459099,4.88199488854568,4.54195338465405,220.441247800343,64068.5965812724
-4.33561151817958,4.89012255299715,4.62468776453955,226.826898925966,64587.6055645039
3.7780689153371,4.95210766668546,-4.98724381878133,208.106458759527,131430.54896543
3.77982910797903,4.95127166897249,-4.98558235010243,208.007560235438,131397.821732387
-4.38755813300217,-4.98252624068117,-3.17607456961119,105.953342365567,86367.8932637406
-3.56719002040918,3.38479375232561,4.60080656357704,261.096413408712,12346.857093238
4.9234519311014,-3.996338035965,4.79714537948278,349.57395621576,111702.735734482
4.12755446211846,-4.98204434717467,4.70713022327303,438.168079649764,86432.8374883608
4.10114128783124,-4.99462720569688,4.77042415615991,448.648793160259,85381.6057444017
-4.93077585896037,-4.98117498947409,-3.77960876563467,100.19379149018,108755.595871371
-4.92962966710942,-4.9817066186928,-3.77973800715986,100.18163986453,108730.997000765
-4.33278179815013,4.8866937642303,4.61475651447958,226.183556241845,64424.9818820095
-4.27898342960464,4.92624828545147,4.60087358330086,222.229822058273,65723.2444601174
4.07360967802462,-3.43335314859453,4.12561393086705,284.289582595872,57718.9215617591
3.77717479058537,4.95223972762861,-4.9914519332201,208.377195380871,131449.015379697
3.71588961170882,4.94530770307533,-4.96179286416287,204.492749047095,129447.781371663
-4.93074151592136,-4.98112858061604,-3.77960457980271,100.193101694754,108752.027166116
-4.93077252764462,-4.98116907072578,-3.7796087365537,100.193707855366,108755.187859892
2.58196408226772,-4.37232194451148,4.78318509286834,483.322131467619,25690.3158863196
-4.33284005830521,4.8864107905724,4.61445880817864,226.175069580012,64413.2811608315
-4.33228079861239,4.8833377248652,4.61762647843315,226.485441933571,64239.185387689
3.78009051674818,4.95114618879407,-4.98593086716017,208.033724794481,131396.909801812
3.77823868803496,4.95199657031297,-4.98720603443059,208.104199026885,131426.031524106
4.85859468629315,-4.06387313044788,4.85058460853367,NA,108124.031695397
4.11805024206383,-4.89808415474621,4.69890633576894,NA,83552.334008344
-4.94441375315336,-4.99897206045871,-3.77617651168048,NA,110128.20220485
-4.40617689003606,4.97347433199872,4.68996185679654,NA,69537.7012137821
3.73000321044325,4.93597982216592,-4.95810993342434,NA,129050.866087646
4.03890551991541,-4.9479712189882,4.73115895427941,NA,81229.7224714288
-4.97523843655349,-4.92703379989359,-3.74696039968982,NA,108144.213721241
-4.27388091099875,4.85496119199469,4.59048775864271,NA,62174.0207631821
3.81980123101471,4.88769370053924,-4.90414695543881,NA,127267.693405049
-4.34684499515187,4.99359223340285,4.67517452895776,NA,69783.5506659566
-4.88642193333981,-4.93517299621123,-3.77890002461433,NA,104847.230225108
-4.40702322530131,4.9055869420961,4.73862718627201,NA,65874.9085855577
4.92151507622759,-4.05735541873731,4.85603301418755,NA,112427.958917696
3.78906113005642,4.91040968157674,-4.9860288658111,NA,128703.942234003
4.17836307644503,-4.98417648184755,4.70925712742713,NA,88955.2766248161
-4.48559888476524,4.84667667024375,4.64975297621899,NA,64696.5526549258
-4.99169556813339,-4.90534567133208,-3.81986204039632,NA,108248.043370739
-4.28591215960969,4.98430347308718,4.61194639970334,NA,68761.0857342498
3.8329427303261,4.99069881633981,-4.94359602161474,NA,135156.792962909
4.06957782139748,-4.979667329852,4.75344469497837,NA,83507.3407829395
-4.86858490306494,-4.98147792728616,-3.73277483804524,NA,105947.023328079
-4.34278401625751,4.99348804187969,4.73598689880338,NA,69419.9560499274
3.76515789693899,4.97309669897463,-4.91133361910416,NA,132147.74521857
-4.39436574512822,4.88313650315891,4.74916920009131,NA,64528.1684842017
-4.93908002505987,-4.88875208465828,-3.8423427989136,NA,105344.174530517
3.76813130875644,4.99696092132984,-4.95355388268313,NA,134241.608112428
4.11798374999662,-4.98464323145247,4.79741999969754,NA,85802.7340937477
4.08343909067959,-4.90371817807572,4.8802817291799,NA,81608.9531940479
-4.29976425586482,4.99781491860129,4.6537146708819,NA,69455.2520617543
-4.85860175535182,-4.97336412455264,-3.73268612342366,NA,105175.007157756
3.759136007909,4.98753792947646,-4.88228896797604,NA,132869.72632367
4.04536090664607,-4.95857756836804,4.85634412783223,NA,81490.6983935966
-4.87347840553237,-4.93012994696443,-3.79764819129169,NA,104174.110898846
-4.4239189503099,4.85001454512167,4.74971638750975,NA,63388.3707535667
-4.93992012772421,-4.82511499214332,-3.87937289381968,NA,102868.592340172
-4.36362900858972,4.99219777642314,4.73134668345272,NA,69675.9103802857
3.81413693523847,4.96607761521058,-4.96282135764806,NA,133072.033669968
4.14439980237821,-4.90807521256385,4.67676588311298,NA,85153.6650010141
-4.25953382760288,4.99574258787391,4.64406577733484,NA,68858.0059509869
3.73549670425709,4.94135760014062,-4.95793128676175,NA,129548.549598997
-4.90599630520562,-4.86448915512689,-3.83045190525176,NA,102862.725285989
4.13026706293145,-4.98056712246874,4.73473126138257,NA,86441.100511494
3.79632842563949,4.89879561908921,-4.93171755504212,NA,127691.16388715
-4.91175820827583,-4.88795748733605,-3.77041620306327,NA,103837.905665145
-4.32493787995549,4.81082526125907,4.81864703735559,NA,59745.2823935427
4.94112955913559,-4.0150208428961,4.77670617581765,NA,113276.368558084
3.83347043044199,4.91293330371337,-4.97292282354063,NA,129797.460986464
-4.39195051094679,4.87834177928318,4.73111352827414,NA,64342.3753473326
4.1759763274088,-4.99758593970633,4.86788280271174,NA,88799.5685137422
-4.88685489901199,-4.89087042482924,-3.75950054514884,NA,102872.865690091
-4.4894906547051,4.88714135236439,4.64316655726298,NA,66747.0067428271
-4.89988624399165,-4.824720757241,-3.85044665905806,NA,101039.208882662
4.11110589069039,-4.96387684334152,4.80195796600647,NA,84846.6405498805
3.77064035968519,4.93996214221497,-4.98843469222416,NA,130407.276990266
-4.48475142481409,4.94529179530355,4.67649300241112,NA,69410.4560772626
-4.98042290485052,-4.90450669756369,-3.77674464595079,NA,107527.109148698
3.79314914317668,4.92393040029922,-4.93118037362332,NA,129379.060866292
4.03076160857411,-4.96250553001478,4.77840859027846,NA,81156.9695626462
3.75787374429496,4.99793998686474,-4.93550015769011,NA,133968.87188266
4.10368281442161,-4.8987858463028,4.81766880727263,NA,82580.7512156909
-4.94522528989328,-4.90163726018975,-3.838766747545,NA,106144.443376786
-4.45282796619742,4.95656978045235,4.67281475047637,NA,69481.5572971317
3.77669148637959,4.89623375653736,-4.87120521704233,NA,126676.173891082
-4.4876541644497,4.9898033386064,4.76179768618639,NA,71335.7074803976
-4.95182307244519,-4.85272899883395,-3.74796048000278,NA,103965.822371956
4.14347257566915,-4.91944432302437,4.71546064266609,NA,85331.4867757937
4.18108761064853,-4.90954517707973,4.90011753900351,NA,86387.408501852
-4.48223564788789,4.89816992224605,4.66206628916896,NA,67078.0679418826
4.10239829173883,-4.93330331514998,4.91884597291054,NA,83231.0903766908
-4.96111534433226,-4.94885425286131,-3.84614277564092,NA,108922.991838476
3.76302185083155,4.8818506455083,-4.98357383954925,NA,126125.994291078
-4.96486230003307,-4.94188967753367,-3.88078856020837,NA,108932.683445926
-4.49351562523775,4.94934397460267,4.69895406857493,NA,69654.5741902459
3.78774586569751,4.87986048375882,-4.9824443247159,NA,126523.54396811
-4.51142672403412,4.87397175930434,4.6210202729397,NA,66582.4005877733
-4.89085418449048,-4.87734498764634,-3.83090052147963,NA,102774.290090739
4.16171398299579,-4.88539459653757,4.82974108071348,NA,84946.5416226634
3.82503363045432,4.92034675200609,-4.89712780233735,NA,129617.294215264
4.18939920904276,-4.85236414504032,4.97368415103482,NA,85025.4422448323
-4.96900685721123,-4.97306731438957,-3.8326092285645,NA,110284.179699056
4.19574772808025,-4.97057417333572,4.82037360314263,NA,89098.148635474
-4.52729465649661,4.91656118635524,4.60930158959655,NA,69010.2036750153
-4.4717580997633,4.9961544123824,4.78093363004842,NA,71311.4718043121
3.80403727139859,4.90140088119749,-4.94484708314023,NA,128132.889973136
-4.95928226515384,-4.95728523927796,-3.85349285359748,NA,109249.641122187
4.09445853807623,-4.96662385592435,4.94784933546697,NA,83744.6545716733
-4.43136079018694,4.89635513129585,4.69867753446578,NA,65988.4480189221
-4.49662454730017,4.97502320058898,4.74435484092254,NA,70803.5547091338
3.84283690831964,4.93784223980355,-4.9724431496552,NA,131770.767889303
-4.90593099589564,-4.95021692882392,-3.86004760945352,NA,106683.470656299
3.82471389852593,4.87578392679542,-4.94702564161382,NA,126842.50356788
-4.45548290626859,4.95398375541743,4.83027968365091,NA,68630.1318077959
4.13535724526069,-4.88905171801776,4.83729523360712,NA,83758.6037640403
-4.51957342262042,4.9450125195632,4.83910415078114,NA,69203.1403842302
-4.43906188989727,4.90492073692398,4.81133843989089,NA,66000.9758298203
-4.87168134809982,-4.93869497573679,-3.86491364041316,NA,104771.32975436
3.88791296163072,4.89550801976162,-4.91897131364908,NA,129508.394590254
-4.98389495431102,-4.98679900127697,-3.8338917981482,NA,111561.924139274
4.12980998497764,-4.97871542420699,4.93067064851114,NA,85821.7050620445
4.20734921341444,-4.98279510606431,4.79212332583492,NA,90120.410814646
-4.90042067478656,-4.9209785562321,-3.76955254547155,NA,104773.841304511
-4.577246611182,4.84739921076179,4.7550619883703,NA,65858.801535209
3.84850672528628,4.94194166248631,-4.89637134201257,NA,131681.097442779
3.85708166783391,4.89218365634952,-4.92926703830502,NA,128609.801430611
4.07405721826787,-4.90541461742795,4.8546794400632,NA,81289.2397412468
-4.48694719462914,4.87796478140194,4.93552745380431,NA,64892.6679435101
-4.9015421387786,-4.93561990072755,-3.9384268783616,NA,106204.7447973
-4.91642036142274,-4.96217003746322,-3.77885504530952,NA,107293.619476281
4.15966419314035,-4.96921217875379,4.87882385699162,NA,87123.2461136402
3.79421165634512,4.99171363123216,-4.95358652101892,NA,134427.38737607
-4.48572504670582,4.85401335389837,4.88292040802307,NA,63972.4246064399
4.05266192588965,-4.94585389241447,4.91638520128277,NA,81292.3617886015
3.72331076481304,4.95459588136115,-4.99107876076408,NA,130466.894719224
-4.89016199316869,-4.89390708484837,-3.79183052052785,NA,103279.760094632
-4.47853122062041,4.99995021563719,4.77943336351791,NA,71629.0083068813
3.79613339612761,4.96440679885102,-4.98408854453127,NA,132692.988378361
4.13606532031546,-4.95578493273542,4.85886801711732,NA,85642.516911607
-4.86575027333567,-4.94174141074355,-3.85976845176938,NA,104638.014059086
4.24413194927345,-4.90077317199028,4.95034772207697,NA,89162.0942201861
-4.58896126914171,4.96805513923152,4.85120267167708,NA,71551.3461186636
3.79663772035627,4.88909597579907,-4.94111141783785,NA,127086.601580732
-4.6236736381536,4.96197940816327,4.80446655558357,NA,72118.6759067386
4.16854383860609,-4.94750443182481,4.97958085192943,NA,86648.1251042752
-4.52093390899014,4.99942466903529,4.86803700945815,NA,71878.3366351638
-4.70659346880667,4.94165896743255,4.8561513823201,NA,72490.5842279578
-4.90829297474033,-4.91558808608806,-3.86963393003695,NA,105310.398772079
-4.73492373438,4.93413068881151,4.86837839305068,NA,72649.9401386043
-4.70520120321761,4.89335361812322,4.82794702214955,NA,70219.3849289113
3.8707826569215,4.89169248376179,-4.91398519474707,NA,128799.29031376
-4.980286965444,-4.91171951182732,-3.83919973832013,NA,108105.432865958
4.17844766751851,-4.99850280629308,4.95828692291731,NA,88697.0793524551
-4.73737085419536,4.86634013123435,4.78667051322596,NA,69792.1426269082
-4.99069552553668,-4.97540677605297,-3.76718633455022,NA,111050.424394636
4.18298018138392,-4.81965879144872,4.89252698564266,NA,84037.4489968423
3.86497353886322,4.94549441795319,-4.88879062778972,NA,132269.28806572
-4.63197269976639,4.91858762960666,4.82728273296329,NA,69992.7077872497
3.84912590667002,4.90716594294791,-4.91892395550437,NA,129396.400087772
-4.916317563017,-4.91053126291852,-3.85990523500469,NA,105387.463690715
4.30975169905043,-4.82646850448795,4.98132297453347,NA,90443.985509647
4.12861814449691,-4.95171358026778,4.92686313298137,NA,84983.0361982638
-4.69020326467967,4.95799911947564,4.85225874405096,NA,72994.9904542866
3.8302830273847,4.926176483076,-4.94365306669096,NA,130460.399984579
-4.95610818105973,-4.86548984878255,-3.81351319636402,NA,104965.914470987
-4.69719460659457,4.94889683894693,4.80621851346949,NA,72900.2369797241
4.25701703272658,-4.98334251616615,4.89167052235331,NA,92380.5346186387
3.85812223217775,4.96695467039708,-4.87641908580422,NA,133560.203171759
-4.95932752895941,-4.84975252766333,-3.87120163829855,NA,104691.913664419
4.10375019249237,-4.91823182623671,4.96957560357335,NA,82731.8500702973
-4.79693795191353,4.96511796315473,4.94676012790935,NA,75174.8546137011
-4.88732213705321,-4.85014145159574,-3.90311660029312,NA,101794.658034239
3.81626879130908,4.93859056256657,-4.88544261386732,NA,130628.397102246
4.30834778583502,-4.93795256451894,4.81115509860202,NA,93930.7010483396
3.7935175735773,4.84803582285093,-4.95206017540745,NA,124273.712814758
-4.72444468021366,4.95436491996069,4.79889545563871,NA,73775.520307234
-4.95027269403486,-4.89713582715863,-3.83500740244965,NA,106152.079583952
4.28545177871188,-4.9831360875253,4.90388946664527,NA,93815.0795898263
-4.70068639958801,4.91184766645576,4.79419670136886,NA,71187.1103162488
3.86923762762705,4.96220513784646,-4.96605291577801,NA,134089.580581327
4.22597760803042,-4.92688112881102,4.83976797814376,NA,89278.0880036205
3.83258327729202,4.88007890499535,-4.95992876769915,NA,127404.736563403
-4.94367428872627,-4.95485467706224,-3.90827789732823,NA,108711.223089343
4.36602094617056,-4.97850724948821,4.9460678171578,NA,97866.7033169745
-4.74412497312477,4.86426075424564,4.92652102638046,NA,69191.8076208477
-4.75640071597153,4.90177082164206,4.94635281345346,NA,71156.3111375749
-4.88857161565656,4.98107455032894,4.87476290095652,NA,78466.3276596695
-4.89379470894396,-4.93792790144364,-3.86879168224681,NA,105672.567843469
3.85402444796719,4.98863746739681,-4.93005142955012,NA,135401.018638526
4.35172470050227,-4.96858310443273,4.88234403171045,NA,96965.7851999228
-4.80763195387929,4.99281852138646,4.98639876446916,NA,76630.7174084964
-4.84352992048996,4.88789521305542,4.84958896225722,NA,72906.0560781864
-4.75644283453113,4.90649399323474,4.97957408939878,NA,71230.1135483146
-4.88858257678677,-4.92471193979375,-3.86084071577061,NA,104842.811220113
-4.93424013818479,-4.95891170308171,-3.83298265900579,NA,108149.806837672
3.90117803906671,4.96326172458968,-4.92623142815239,NA,134662.575822316
4.2925524523915,-4.88425807202724,4.86169493640728,NA,91426.7947505675
4.42889139075887,-4.9602076241211,4.79447188597139,NA,101227.659258306
3.89025202193741,4.99175075138738,-4.99352485117854,NA,136922.871775199
4.4443873146044,-4.95505957584337,4.98790222528044,NA,101428.266726143
-4.96982338006983,4.95440870404019,4.79451842185281,NA,79548.2947436033
-4.79151865417681,4.9345595136945,4.97667798949449,NA,73386.8460057729
-4.98670720493092,-4.8985964279607,-3.87495744108495,NA,107977.504264468
3.89473775274266,4.99435230740001,-4.95017330980829,NA,136923.607647308
-4.73263126989177,4.95021579214758,4.9755811959914,NA,72890.2135612402
4.35866665902904,-4.89973898731147,4.97587022602208,NA,95089.1406136645
3.94673260463147,4.92996799797704,-4.89902330832304,NA,133242.617380136
4.49767367549522,-4.91636126191055,4.88960690392688,NA,103634.902647994
-4.99282143364203,-4.91973055346369,-3.94849596539497,NA,109487.68541114
4.53374798390812,-4.95651771028617,4.79862141398344,NA,107204.996981058
3.87634856955294,4.97216579369015,-4.99095562313234,NA,135147.215313329
-4.98493276284488,-4.855556048408,-3.95277989172209,NA,106402.607310842
-4.99229131859883,-4.99737843844875,-4.0173069692238,NA,113247.714124498
-4.9606805638551,4.87221091096989,4.81750554488048,NA,75200.5292896004
-4.72813623648702,4.9755945800304,4.91536032523413,NA,74366.0475327157
4.48718370905229,-4.86785436775053,4.82397662566056,NA,101805.247014649
4.48845391936934,-4.99985034293042,4.95554697898376,NA,105412.297016775
3.96561936571036,4.94309047220617,-4.89177637852186,NA,134604.776670055
-4.99298206842891,-4.95489885492272,-4.00776446580905,NA,111313.577434137
4.52583450442261,-4.97993612857082,4.99945879876304,NA,106891.001915664
4.50492155413626,-4.91672743613844,4.90152669103226,NA,104039.59926457
3.88305019786969,4.87695247938521,-4.91813314920348,NA,128105.019108081
-4.99981792501595,-4.93544696111543,-3.98261719207484,NA,110640.237499026
3.8912468151637,4.90231434238484,-4.95098654114656,NA,130275.240659671
-4.84636263271182,4.99359124051822,4.82734232954968,NA,78336.618936636
4.529896170376,-4.90806037405983,4.98479541590411,NA,105049.021007837
-4.89681686556107,4.93711561746914,4.93377231107131,NA,76178.974444337
3.88815748304721,4.91432679003408,-4.94291781448392,NA,130985.841752432
-4.92207056179133,-4.85556232012984,-4.04220037061294,NA,104077.090628438
-4.97626822815964,-4.9811792893404,-4.02329315259967,NA,111829.191696275
-4.9390783935885,4.83926617913868,4.96168988651237,NA,72445.6718269215
-4.89141085613081,-4.89044849443828,-4.02679624480546,NA,104208.613188438
-4.90527548125251,-4.91943554523542,-3.95751206114556,NA,105737.963420499
4.61976942184665,-4.81763275868987,4.92979367846224,NA,108135.172877146
4.43409902011952,-4.98240151414194,4.86491362193968,NA,101999.281552252
3.81473367326303,4.90134015705754,-4.96915755210561,NA,128532.275353534
-4.93263125224884,4.99859963335533,4.89802584344692,NA,80336.4662417654
-4.85002100036724,4.92757200597594,4.9263852710991,NA,74621.9974979863
3.85124125682643,4.92891359432985,-4.91324432128746,NA,130935.290166079
-4.96182739089666,-4.857814576131,-4.07689084625702,NA,106025.92672392
-4.89381767234191,-4.90955142770774,-4.03831496882337,NA,105185.087585093
-4.94669633459734,4.98087388882489,4.92714421120822,NA,79644.5467725667
-4.87641785310628,4.95015821501849,4.93897743827736,NA,76305.8286825001
4.38572015185217,-4.92788690703654,4.97251543101448,NA,97383.9799394908
3.9303997763178,4.98820682119658,-4.93955604747313,NA,137278.196622215
-4.89485971070783,4.92511797205696,4.96576345588983,NA,75390.3600276421
4.55186304095654,-4.93495354586759,4.91746298112701,NA,107329.018985199
3.82943027498123,4.89003631674151,-4.89638945719449,NA,127598.977690318
4.47125416546161,-4.93526420168736,4.89359146983495,NA,102639.495289048
-4.87548680260263,4.99035180691249,4.9912024954139,NA,78057.2731662829
3.95067451824422,4.96637985530903,-4.98095763119688,NA,136491.024769473
4.44147033833102,-4.93302026019518,4.9612553281902,NA,100685.493306579
-4.90509142217263,-4.94686763025369,-3.97172731914874,NA,106998.381575694
4.50512906688355,-4.89320741148715,4.96386587749918,NA,103211.800398296
-4.90554448615978,-4.98633437932278,-3.96360804509712,NA,108747.44082304
3.88547497685757,4.88594173172997,-4.90875731071134,NA,128720.159951039
-4.91910691509629,-4.92462638711335,-3.98704202146542,NA,106679.185861113
-4.86992668614587,4.98834207178531,4.94036255578883,NA,78069.6292971764
-4.91478399757693,-4.95694095187416,-4.05850840791673,NA,108245.036537367
-4.87940910446168,4.91671686316822,4.87219020613183,NA,75047.605854646
4.44349438659704,-4.97215221276984,4.9315029636731,NA,102040.572697953
3.85849418435084,4.89987848607862,-4.92446976043082,NA,129145.444368979
4.57384357379137,-4.88731842877989,4.95148098498096,NA,107190.946178158
3.86776570305625,4.90731322462895,-4.97600548837691,NA,130227.160686962
-4.84214240048381,4.92438348210819,4.89485414194342,NA,74430.4753653683
3.92136118571097,4.91253585710547,-4.93532182044503,NA,131624.132897669
-4.85503124731701,4.89239189901592,4.85399372307285,NA,73372.322435938
-4.94099094350124,-4.96367466950796,-4.02764211697913,NA,109525.645431167
-4.99768517221207,-4.99011893097868,-3.95381118720129,NA,112866.898255521
4.64220689088537,-4.92150953588363,4.94576765734434,NA,112444.362799684
4.58984368051561,-4.88349817748777,4.86379835574448,NA,108288.557967832
-4.96876587991585,4.99420412828576,4.90047151137476,NA,81020.7955293314
3.88987854797489,4.98450897261889,-4.97284559354484,NA,136243.659875349
-4.90319734880632,-4.97608441985927,-3.94929383611819,NA,108121.458457269
4.67200747183087,-4.90540758793127,4.97894328747965,NA,113788.165337908
4.66678770094635,-4.95685880710996,4.98090147898337,NA,114969.489908909
-4.99308255357295,4.9723244260014,4.87666137165313,NA,80661.5681976796
3.94541274640227,4.92226649119693,-4.9448330412354,NA,132974.51108135
-4.99523427800874,-4.89095660395913,-4.04083969525421,NA,108750.59952673
3.90457294916378,4.95419168167035,-4.95291045339727,NA,134275.958395834
4.61312239962624,-4.98995422537532,4.888355087105,NA,112832.330646855
4.62723944517908,-4.97630322529226,4.93664739743679,NA,113165.27408912
-4.94048694378764,4.97170203374654,4.97980733910956,NA,78768.3164311534
-4.8932902265581,-4.99003400250762,-4.08151239010708,NA,108937.596632476
-4.88592823382875,4.93516814565166,4.87314126342309,NA,76106.7396772887
3.87148348087665,4.95432476729636,-4.87027090966537,NA,132928.267639307
-4.97128017015823,-4.96449776924144,-3.92843796781037,NA,110430.348314542
4.66531724363627,-4.91154798251973,4.9697409052902,NA,113561.612169485
4.75866823302576,-4.90618451796667,4.91250295356765,NA,119684.016501382
-4.84777364825823,4.98326411875378,4.9585767417115,NA,77199.3664029873
3.97115934430292,4.94218132786003,-4.9818254712107,NA,135291.228652952
-4.96127591225777,4.87830625444483,4.88560216551282,NA,75188.0678727144
3.89307848587071,4.96236128485899,-4.90227816462062,NA,134238.581490547
-4.92161164208565,-4.99288121839583,-4.01772415688518,NA,109971.468932687
4.77867054667553,-4.95959666601318,4.9465075601485,NA,122544.610612509
-4.95704369094933,-4.90661426698913,-4.00914922994418,NA,107616.948150939
4.73733912480997,-4.90697709715414,4.8586055623998,NA,118422.180171088
-4.99102003557547,-4.90775447639712,-3.98299385870553,NA,109037.947562955
-4.84772838973843,4.9392421131296,4.89231044508934,NA,75306.0709545402
3.9204754965943,4.9561237395518,-4.94228157157426,NA,134733.726986031
3.87300876377324,4.97618181276609,-4.97034846745889,NA,135217.997184597
4.61495890060303,-4.87896783706467,4.88290647039096,NA,109664.57686431
4.71572642893411,-4.94457200924056,4.84769729974167,NA,118141.362383522
-4.8800524508917,4.92838019486956,4.9042248856197,NA,75482.2518063006
-4.96484106659845,-4.93826680580748,-3.99664892777838,NA,109287.587788175
3.9561494779484,4.93497913121392,-4.9964920728136,NA,134492.748822893
-4.89242815370226,-4.92374758436614,-4.02308759516101,NA,105678.847660105
-4.8196577650816,4.93546313875421,4.94972867554844,NA,74195.3322409068
3.88738501320324,4.87990284914444,-4.89075864145384,NA,128231.687617247
4.61496367599638,-4.98665163446753,4.94796217999017,NA,112680.865460087
-4.93339712172044,4.93679401695036,4.96274578929932,NA,76934.411403179
3.92083782562415,4.98644853202709,-4.96989699629825,NA,137120.55659298
4.76789589105928,-4.90910065591979,4.893313750764,NA,120442.413361066
-4.90005286100169,-4.94082733402321,-3.93285803689387,NA,106346.583634014
-4.95601357843207,4.88813981765354,4.82945359920854,NA,75781.4733132936
-4.91648635120972,-4.91850686976251,-3.97709543284695,NA,106256.785248032
4.00118325280034,4.86416689401457,-4.92833077807405,NA,130299.903173153
4.7600992411746,-4.89204995701062,4.9155968789685,NA,119359.288328436
-4.90881410592885,4.99899717124311,4.94124648736321,NA,79552.8053435027
-4.96012811631585,-4.93780198871512,-4.08898563805299,NA,109474.593486329
3.92365611918837,4.89981015224369,-4.88820014806179,NA,130480.80439717
-4.85003262668078,4.89235359902013,4.98328344175414,NA,72648.6760406453
4.77655720239007,-4.8949488905056,4.93246631251059,NA,120511.976021308
-4.89249074664587,-4.93983149567938,-4.01466421177097,NA,106351.077198711
-4.90057771215423,-4.97269970129133,-3.954232863959,NA,107881.588293049
4.77941853688944,-4.96450615796285,4.97343330052949,NA,122672.273531201
4.01928500186187,4.96642437071779,-4.93316133414404,NA,137963.825501503
4.8073186755918,-4.93472694190192,4.85227450424605,NA,124008.778005025
-4.86841801374157,4.89344954743608,4.90647335286688,NA,73496.3628061352
3.98942791149271,4.86782562814477,-4.9060254863334,NA,130089.842701224
-4.99175689752598,4.97408532785035,4.91885812107202,NA,80510.6519365586
-4.9121934392556,-4.96236238517965,-3.94654815771458,NA,107873.836997722
3.88616911406098,4.90543485379971,-4.9535940672323,NA,130387.257803891
-4.97769925925513,4.95209232868213,4.90628179875934,NA,79099.9221308795
-4.99913019971246,-4.90805545524425,-3.98682528886258,NA,109427.215681192
4.83005929949653,-4.90484467827129,4.90594169512373,NA,124553.441066604
3.97120990527946,4.94369862891461,-4.8792067825409,NA,134707.613675043
4.80921702458946,-4.95639587357078,4.94206642460257,NA,124554.99477746
4.87649762676448,-4.94557032766888,4.87088811724244,NA,129150.090408011
-4.9123961435985,-4.92938521378366,-3.97824065685158,NA,106564.78666825
4.9572963391981,-4.85613919103825,4.91570545976382,NA,132276.529719301
-4.89316601069363,4.90935630941066,4.93924274664259,NA,74707.8082944181
-4.91594842820187,4.8962595728733,4.89482921970748,NA,74847.5840875521
4.6994000348699,-4.95407291073842,4.97116439024707,NA,117023.968724689
3.83567341668593,4.95337514969041,-4.91795495306303,NA,132345.213866576
-4.97240051693386,-4.90677635963641,-3.97989393157985,NA,108163.386145557
4.96220506144066,-4.83902554729128,4.93290485716958,NA,132109.502855674
4.07367073175003,4.92707193111181,-4.97659173316668,NA,136960.702182399
-4.88014510963882,-4.92575429584674,-4.05143131794149,NA,105382.229344196
4.09789103755239,4.90819909884902,-4.93018572084544,NA,136021.569163052
4.06109527884291,4.87194839138928,-4.99902243779068,NA,132935.701244732
-4.93287538168926,4.90943426314581,4.87460137831398,NA,76003.1328874132
4.95039171684936,-4.80823679492467,4.8552582123969,NA,130559.048094154
4.91686680913501,-4.86236642756638,4.99634230818895,NA,129275.853275594
4.01928019109649,4.87806331514393,-4.91278159542653,NA,131632.047470789
-4.92114251993068,4.88546029090259,4.91067653126166,NA,74387.2440722191
-4.97904509943003,-4.88293252180109,-4.11387545926273,NA,108011.524790538
4.04453882631858,4.86281223906502,-4.96402544441916,NA,131621.239279061
4.91345629948738,-4.90123001983351,4.93128420277832,NA,130325.688478967
-4.86185084164614,-4.91096027149424,-4.04249692653037,NA,103943.666763723
-4.98449222619764,4.88701618881059,4.91468593551354,NA,76074.1812349384
-4.96325999844928,4.95636733100073,4.83910805835279,NA,79260.9267377311
4.87742498918029,-4.81250766578848,4.84445759281387,NA,125405.103067199
4.13755687100177,4.84189399715882,-4.96656850674352,NA,132901.12232949
-4.99073541644091,-4.9700456812172,-4.14285131445779,NA,112506.090050117
-4.96804554303427,4.92167138760401,4.95455232916292,NA,77121.8532472543
-4.97017075350984,-4.93928891478731,-4.06026487606857,NA,109849.670984291
4.86936100826094,-4.79285729092302,4.95989529651847,NA,124008.300526931
-4.98647551129342,4.93915998196367,4.96713854163632,NA,78400.1535617785
4.13584249173505,4.85030505095043,-4.97538251366877,NA,133472.794245922
4.91608867292846,-4.82134878445369,4.93668520838076,NA,128207.889019767
-4.90296423729071,-4.98188146042301,-4.11850976427809,NA,109141.805619284
4.07080875957962,4.8881311934581,-4.88751474831853,NA,133579.762603425
-4.95774611417515,-4.93754703255536,-4.07834881784353,NA,109312.240544208
-4.98526172820707,4.9081318940051,4.9203924687928,NA,77078.7321745013
-4.98860857527153,-4.93362524167437,-4.08700022447496,NA,110528.448001787
4.87461705618472,-4.88081265422122,4.98918929257319,NA,126779.432614425
4.21542247928388,4.85468255184403,-4.9439936207134,NA,136008.636841981
4.25878870331047,4.89324701764657,-4.94568701892143,NA,140037.36541491
4.97140936321362,-4.85894003549388,4.94137154022155,NA,133344.994485757
4.2067278530251,4.94569750483575,-4.87648836514254,NA,141557.182059881
-4.91843286643619,-4.97829231353848,-4.13275843724272,NA,109697.753281226
4.29455769614167,4.8315273872877,-4.91950227120825,NA,136891.121622064
-4.96376213790457,4.84413084604634,4.96072537741012,NA,73310.8027318871
4.27288004582726,4.79654491518829,-4.98011179858663,NA,134259.208491868
-4.94591683229541,-4.94061970838176,-4.06003031428479,NA,108854.958431477
-4.89284423858219,4.95955597783386,4.95579785147187,NA,77091.3042068959
4.9184749606778,-4.84648095339714,4.90808401621682,NA,129161.932991026
4.32209191916319,4.95616162636199,-4.91390899706236,NA,146327.131910075
-4.95679870739002,4.89961868404584,4.95694373176298,NA,75754.6965298318
4.93316325185771,-4.92086951153225,4.93188695641337,NA,132351.392802091
4.27440768905614,4.93712591014322,-4.86948109172902,NA,143084.280044231
4.26510231613568,4.91610817041994,-4.91599695565771,NA,141624.157063277
-4.98877760628497,-4.90264646511514,-4.17886993297599,NA,109581.819068713
4.98511852890068,-4.8190867669755,4.93430488220189,NA,133259.502015608
-4.91605080256679,-4.96032938330202,-4.13514973043768,NA,108796.656764639
4.93861054031238,-4.97456352989441,4.94141625937423,NA,134368.88804958
-4.94517910416749,-4.891276740487,-4.21852628822562,NA,107363.1692916
-4.93139297971643,4.95747941105931,4.87786936954835,NA,78316.7650390079
4.85188370333967,-4.94593384617097,4.84282252484506,NA,127486.93521169
4.33440753666424,4.89697606539444,-4.9765020921996,NA,143043.604672249
4.90184945920061,-4.99249665819617,4.99650807705304,NA,132085.580251067
4.40838989202968,4.98319715917692,-4.97192077504528,NA,151694.642649172
4.45220570933102,4.95377712356313,-4.99842422875801,NA,151402.024471501
-4.91036561637806,4.96108517362894,4.97385088714583,NA,77510.7496800983
-4.93894594104609,4.96936468340556,4.97227195970469,NA,78648.1642492875
-4.91889622947735,-4.97977963944951,-4.09763344853944,NA,109624.854857547
4.25866924881107,4.85288851801717,-4.96948529614621,NA,137449.639190861
-4.84397611291365,4.87466060158021,4.89654278848775,NA,72066.9088606457
-4.87788319336789,-4.86014500406375,-4.17099367607717,NA,102983.838765919
-4.95995885623325,-4.93828036588606,-4.06796721275031,NA,109394.367651692
4.94051854312814,-4.95170142776304,4.95171272849296,NA,133775.779703342
4.48233503381519,4.98235392463053,-4.98874877965921,NA,154514.410057622
4.90765023666657,-4.9624246505508,4.99329901049124,NA,131582.530531874
4.4984961356687,4.98512375196618,-4.97311500608047,NA,155229.989248219
4.44164743629167,4.95912744370111,-4.95022952071187,NA,151057.357556112
-4.97003460524936,4.93894385959169,4.99678678871486,NA,77817.475727736
4.36430953769187,4.95003958799847,-4.91540344162687,NA,147371.451289396
4.8150824011968,-4.88767996742636,4.97500103891945,NA,122831.128125074
4.45230297423479,4.89318789527618,-4.96950978345756,NA,147002.432153032
4.48140271563057,4.89432247291262,-4.90910052459412,NA,147788.708642177
-4.95560319418611,-4.98447106651888,-4.21929959539873,NA,111971.046360021
4.93135445883119,-4.99228909685703,4.98609859786717,NA,134265.223378072
4.44295919729738,4.91032112002264,-4.93204432782254,NA,147576.553121203
-4.92466533664007,4.96865627036469,4.88810612829994,NA,78660.1968561266
